{
    "pose_llims": [
        0,
        0,
        1.065314011
    ],
    "pose_ulims": [
        0,
        0,
        4.914473369
    ],
    "ft_llims": [
        -3.470716929,
        -4.144202909,
        0.180631155
    ],
    "ft_ulims": [
        2.257721957,
        2.316537321,
        9.951165283
    ]
}