{
    "pose_llims": [
        1.065314011,
        -23.07850773,
        -24.09146949
    ],
    "pose_ulims": [
        4.914473369,
        24.76522619,
        24.41429579
    ],
    "ft_llims": [
        -3.470716929,
        -4.144202909,
        0.180631155
    ],
    "ft_ulims": [
        2.257721957,
        2.316537321,
        9.951165283
    ]
}