{
    "pose_llims": [
        0,
        0,
        1.065314011
    ],
    "pose_ulims": [
        0,
        0,
        4.914473369
    ],
    "ft_llims": [
        -4.186623157866097,
        -4.653198307965518,
        -0.050536551999998514
    ],
    "ft_ulims": [
        3.194190008565217,
        2.80666496183682,
        14.198157419509974
    ]
}